Patient_ID,Patient_Name,Age,Gender,Emirates_ID
PAT-1001,Gamal Farag,46,Male,784-1992-5304572-1
PAT-1002,Walid Badawi,36,Male,784-1960-8204212-1
PAT-1003,Nader Ghanem,41,Male,784-1971-8404852-1
PAT-1004,Mona Al-Sayed,61,Female,784-1987-4344769-1
PAT-1005,Tarek Farag,50,Female,784-1971-6743066-1
PAT-1006,Hazem Abdelrahman,45,Female,784-1965-4275709-1
PAT-1007,Hassan Al-Sayed,61,Male,784-1952-3428388-1
PAT-1008,Hesham Elshahat,38,Male,784-1988-7640913-1
PAT-1009,Kareem Al-Sayed,31,Female,784-1958-2465689-1
PAT-1010,Kareem Zaki,37,Female,784-1996-5056518-1
PAT-1011,Fady Nabil,64,Male,784-1963-2870928-1
PAT-1012,Khaled Ghanem,57,Female,784-1951-3305413-1
PAT-1013,Ali Al-Harbi,21,Female,784-1978-4584702-1
PAT-1014,Omar Badawi,61,Female,784-1959-2271741-1
PAT-1015,Ibrahim Farag,31,Male,784-1989-4366612-1
PAT-1016,Youssef Elshahat,64,Male,784-1973-6517209-1
PAT-1017,Mariam Khalil,46,Male,784-1994-2425472-1
PAT-1018,Hany Salem,26,Female,784-1950-3230919-1
PAT-1019,Reem Al-Harbi,34,Female,784-1984-5780450-1
PAT-1020,Azza Hassan,59,Male,784-1990-4853339-1
PAT-1021,Dina Farag,25,Female,784-1983-8130144-1
PAT-1022,Magdy Mahmoud,41,Male,784-1984-7245035-1
PAT-1023,Omar Ragab,44,Male,784-1950-1491234-1
PAT-1024,Eslam Suleiman,18,Male,784-1975-7914550-1
PAT-1025,Laila Al-Sayed,44,Male,784-1964-8558158-1
PAT-1026,Hazem Farag,30,Male,784-1981-8971379-1
PAT-1027,Mostafa Ragab,47,Male,784-1972-1973548-1
PAT-1028,Rania Zaki,30,Female,784-1956-3959034-1
PAT-1029,Noha Ghanem,45,Female,784-1991-3539448-1
PAT-1030,Hany Al-Ahmad,45,Female,784-1993-9306461-1
PAT-1031,Rami Al-Ahmad,72,Female,784-1974-7860006-1
PAT-1032,Mona Nabil,18,Male,784-1976-6697469-1
PAT-1033,Wael Fawzy,30,Male,784-1952-3548421-1
PAT-1034,Mohamed Mansour,54,Male,784-1991-8205547-1
PAT-1035,Ayman Suleiman,49,Female,784-1973-7409907-1
PAT-1036,Fady Farag,69,Female,784-1988-5959617-1
PAT-1037,Yasmin Fawzy,54,Male,784-1966-5965050-1
PAT-1038,Dina Khalil,19,Female,784-1972-6595108-1
PAT-1039,Ashraf Al-Harbi,36,Female,784-1951-6031595-1
PAT-1040,Omar Al-Ahmad,49,Male,784-1953-8103230-1
PAT-1041,Fatima Elshahat,22,Female,784-1983-4080389-1
PAT-1042,Tarek Al-Harbi,26,Female,784-1955-3148815-1
PAT-1043,Laila Ragab,37,Female,784-1985-5135314-1
PAT-1044,Salma Al-Harbi,36,Female,784-1981-1071295-1
PAT-1045,Eslam Fawzy,57,Male,784-1960-6251035-1
PAT-1046,Yasser Salem,67,Male,784-1980-3026793-1
PAT-1047,Ayman Kamel,33,Female,784-1997-3204664-1
PAT-1048,Walid Abdelrahman,19,Male,784-1997-3472189-1
PAT-1049,Hesham Badawi,54,Female,784-1958-7561000-1
PAT-1050,Tamer Mansour,65,Female,784-1952-4674515-1
